{
  "mode": "chained",
  "num_chains": 5,
  "eval_budget": 100,
  "num_eval": 20,
  "success_rate": 10.0,
  "mean_planning_ms": 513.8302145035116,
  "effective_hz": 1.9461681539421538,
  "num_successes": 2,
  "seed": 42,
  "chainer_timing": {
    "total_ms": {
      "mean": 513.8088395638812,
      "std": 1532.6274037722367,
      "p50": 433.4084587171674
    },
    "chain_ms": {
      "mean": 502.48576042753075,
      "std": 1532.2216108498646
    },
    "num_chains": 5,
    "effective_hz": 1.9462491164005584,
    "per_chain_mean_ms": [
      155.30314477240688,
      93.767190657516,
      84.50311356754874,
      84.45586518494673,
      84.4564462451124
    ]
  },
  "drift": {
    "num_samples": 370,
    "mse_mean": 0.05267642280842001,
    "mse_std": 0.03690829527398916,
    "mse_median": 0.04465927369892597,
    "mse_max": 0.4427839517593384,
    "cosine_sim_mean": 0.9759229643924816,
    "cosine_sim_std": 0.01781469777593664,
    "cosine_sim_min": 0.8032086491584778
  }
}