{
  "flat": {
    "success_rate": 50.0,
    "num_successes": 25,
    "mean_planning_ms": 145.22636894478242,
    "effective_hz": 6.885801850352792
  },
  "tree": {
    "success_rate": 50.0,
    "num_successes": 25,
    "mean_planning_ms": 466.5297472708707,
    "effective_hz": 2.1434860388857313,
    "tree_timing": {
      "total_ms": {
        "mean": 466.5029673880443,
        "std": 15.102975448957167,
        "p50": 473.63333124667406
      },
      "root_ms": {
        "mean": 363.8350871624425,
        "std": 6.63924491348928,
        "p50": 362.08101036027074
      },
      "expansion_ms": {
        "mean": 69.31952105261125,
        "std": 0.5369607840002121,
        "p50": 69.1675590351224
      },
      "effective_hz": 2.1436090869882607,
      "total_cem_calls": 8.0,
      "total_nodes": 9.0
    },
    "config": {
      "num_roots": 4,
      "max_depth": 2
    }
  },
  "eval_budget": 50,
  "num_eval": 50,
  "seed": 42
}