{
  "n_expert": 1000,
  "n_rollout": 1200,
  "n_total": 2200,
  "n_members": 5,
  "n_epochs": 100,
  "hidden_dim": 256,
  "apply_warm": false,
  "collect_time_s": 67.8607194069773,
  "train_time_s": 3.793013194575906,
  "param_count": 828165
}