{
  "sequential": {
    "compile_mode": "reduce-overhead",
    "batched": false,
    "total_ms": {
      "mean": 696.7570370063186,
      "std": 2.5636793016802506,
      "p50": 696.7726480215788
    },
    "root_ms": {
      "mean": 342.3628247343004,
      "std": 1.526870558013132,
      "p50": 342.5950901582837
    },
    "expansion_ms": {
      "mean": 341.9352125376463,
      "std": 1.4351556583079994,
      "p50": 342.17253513634205
    },
    "effective_hz": 1.4352205243546488,
    "total_cem_calls": 8.0,
    "total_nodes": 9.0
  },
  "batched": {
    "compile_mode": "default",
    "batched": true,
    "total_ms": {
      "mean": 549.3363161571324,
      "std": 1.662326333804298,
      "p50": 549.6835438534617
    },
    "root_ms": {
      "mean": 266.4173492230475,
      "std": 0.7063638058653163,
      "p50": 266.7561313137412
    },
    "expansion_ms": {
      "mean": 266.60104244947433,
      "std": 0.7322704386933901,
      "p50": 266.86608977615833
    },
    "effective_hz": 1.8203784650457364,
    "total_cem_calls": 2.0,
    "total_nodes": 9.0
  },
  "speedup": 1.27
}