{
  "n_steps_15": {
    "total_ms": 549.4992423802614,
    "root_ms": 266.5723107755184,
    "expand_ms": 266.9498350471258
  },
  "n_steps_10": {
    "total_ms": 384.6695301433404,
    "root_ms": 183.74601850907007,
    "expand_ms": 184.1369155794382
  },
  "n_steps_8": {
    "total_ms": 324.93173629045486,
    "root_ms": 151.98811056713262,
    "expand_ms": 153.25568045179048
  },
  "n_steps_5": {
    "total_ms": 224.0121020625035,
    "root_ms": 101.60210505127907,
    "expand_ms": 98.89302775263786
  },
  "S64_n10": {
    "total_ms": 310.9292673567931
  }
}